bin,x,mean,ci95_low,ci95_high,n
"(-0.001, 0.4]",0.2803136919524521,0.4556213017751479,0.4329755997679587,0.47826700378233716,1859
"(0.4, 0.5]",0.4693330757152313,0.4564841498559078,0.433039136589416,0.4799291631223996,1735
"(0.5, 0.583]",0.555896901206815,0.41009174311926605,0.38087882902635367,0.43930465721217843,1090
"(0.583, 0.667]",0.6340222187999777,0.5109526235354049,0.48883327391039927,0.5330719731604106,1963
"(0.667, 0.75]",0.7192238414577882,0.5141158989598811,0.487404797886416,0.5408270000333462,1346
"(0.75, 0.96]",0.8156300371462661,0.6923076923076923,0.6674559964302063,0.7171593881851783,1326
