bin,x,mean,ci95_low,ci95_high,n
"(-0.001, 0.381]",0.25294522919927814,0.4285233790048719,0.3997378957773229,0.45730886223242095,173
"(0.381, 0.5]",0.4622975425894767,0.4899956393652816,0.46457463586120756,0.5154166428693557,264
"(0.5, 0.556]",0.5469759907420829,0.40970254608294,0.37400143216238313,0.44540366000349685,94
"(0.556, 0.625]",0.5980308995463288,0.5065820140591167,0.47387116515843225,0.5392928629598013,180
"(0.625, 0.667]",0.6537537059648844,0.5071407574193952,0.4785395887224453,0.5357419261163452,190
"(0.667, 0.727]",0.7074137896746584,0.4964698755895372,0.4591185324266086,0.5338212187524658,146
"(0.727, 0.789]",0.7595992277031706,0.5418548185015251,0.5111117025143431,0.572597934488707,167
"(0.789, 0.96]",0.8391058365714874,0.757741935377304,0.7219939191153404,0.7934899516392677,168
