metric,mean,sd,ci95_low,ci95_high,n_bootstrap,unit
Baseline,0.27459358140310225,0.013411669999818557,0.25531312363933234,0.2965754779385816,30,
Supported exploration,0.09298985855396817,0.010234853007346497,0.07484882749253087,0.1117490416367675,30,
Targeted completion,0.0,0.0,0.0,0.0,30,
